{"cameraMode":{"drawMode":0,"name":"Shaded","section":"Shading Mode"},"sceneLighting":true,"audioPlay":false,"sceneViewState":{"m_AlwaysRefresh":false,"showFog":true,"showSkybox":true,"showFlares":true,"showImageEffects":true,"showParticleSystems":true,"showVisualEffectGraphs":true,"m_FxEnabled":true},"in2DMode":false,"pivot":{"x":0.33394795656204226,"y":-13.31072998046875,"z":-19.59293556213379},"rotation":{"x":-0.000914701318833977,"y":0.9612626433372498,"z":-0.2756976783275604,"w":-0.0031991731375455858},"size":14.062015533447266,"orthographic":false}